Metric,Value
Accuracy,0.7051424050632912
Recall,0.8176330253463207
F1_Score,0.7350316961905327
ROC_AUC,0.7590267678758649
Engagement_Threshold,5564.0
